
<?xml version="1.0" encoding="UTF-8" standalone="yes"?>
<addon id="repository.tazmaniatv" name="tazmaniatv official Repo" version="1.1.0" provider-name="Eldelartem">
	<extension point="xbmc.addon.repository" name="Kodi-Mexico official Repo">
		<info compressed="false">https://raw.githubusercontent.com/eldelartem/Tazmania/master/addons.xml</info>
		<checksum>https://raw.githubusercontent.com/eldelartem/Tazmania/master/addons.xml.md5</checksum>
		<datadir zip="true">https://raw.githubusercontent.com/eldelartem/Tazmania/master</datadir>
	</extension>
	<extension point="xbmc.addon.metadata">
		<summary>Tazmaniatv official Repo</summary>
   		<description lang="en">Instala los Addons de Tazmaniatv.</description>
		<disclaimer></disclaimer>
		<platform>all</platform>
	</extension>
</addon>